Макар Теймуразович Васильев;Красноуфимск;алл. Светлая, д. 359 к. 3;Merlion;Телохранитель;+7 (815) 362-91-45;szinoveva@hotmail.com;1952-04-30;109547
Герасим Арсенович Кузнецов;Морозовск;ш. Островского, д. 80 к. 24;171 Меридиан;Водолаз;+7 (380) 383-13-86;baranovipat@yahoo.com;2003-02-16;40175
Зыкова Эмилия Викторовна;Катав-Ивановск;бул. Металлургов, д. 583;Государственная транспортная лизинговая компания;Инженер-физик;8 (669) 065-41-68;prohortretjakov@hotmail.com;2000-11-24;106282
Зинаида Юльевна Смирнова;Меренга;алл. Минина, д. 17 стр. 45;ГК 1520;Детектив;+7 (894) 532-92-09;vladimirovamarina@yandex.ru;1954-06-26;45192
Валентина Сергеевна Евдокимова;Петрозаводск;наб. Лесозаводская, д. 858;АСЦ-Холдинг;Воздухоплаватель;8 (125) 968-81-53;egorovdobromisl@mail.ru;1970-06-26;141373
Богдан Витальевич Силин;Усть-Баргузин;бул. Гафури, д. 3 к. 8/5;Артис-Агро Экспорт;Постановщик трюков;8 405 494 5491;klavdija57@yandex.ru;1976-03-19;177512
Наина Богдановна Герасимова;Меренга;алл. 9 мая, д. 128 стр. 125;Банк ФК Открытие;Кузнец;+7 (396) 553-4831;avdeevavde@mail.ru;1998-11-27;141199
Матвеева Анна Захаровна;Асино;ш. Западное, д. 6;Р-Фарм;Офтальмолог;8 (633) 737-7648;demid2005@yahoo.com;1974-06-14;152877
Мясникова Октябрина Рубеновна;Владикавказ;пер. Спартака, д. 2 стр. 96;СК Росгосстрах;Бухгалтер;+70995449420;prohorovizjaslav@yahoo.com;2001-06-05;128497
Исаев Андрон Аверьянович;Нижний Тагил;наб. Шоссейная, д. 56;Ачимгаз;Комендант;+70132921977;svetozar1998@yandex.ru;1988-04-19;53875
Федосий Филатович Селезнев;Сочи;ш. Сурикова, д. 836;Росжелдорпроект;Бортмеханик;8 044 664 77 79;vasilevmihe@hotmail.com;1982-02-19;198051
Журавлев Тихон Владиленович;Комсомольск-на-Амуре;наб. Парковая, д. 3 к. 907;Эркафарм;Модельер;8 235 626 38 01;dobroslavharitonov@hotmail.com;1997-02-27;165306
Орехова Лора Владимировна;Ханты-Мансийск;ш. Снежное, д. 4 стр. 17;ЭйчПи Инк (HP Inc.);Египтолог;+7 (159) 668-4965;viktor_1971@hotmail.com;1994-12-29;100251
Светлана Аркадьевна Семенова;Урус-Мартан;ул. Ильича, д. 2/7 к. 14;Группа ЭПМ;Прокурор;+75288027871;andreevfortunat@rambler.ru;1988-05-19;184432
Соловьев Викторин Ефстафьевич;Красноуфимск;ул. Торговая, д. 38 стр. 502;Новосибирскэнергосбыт;Распиловщик;8 (127) 216-1973;anastasija1995@gmail.com;1993-12-11;120629
Ефим Валерьянович Ермаков;Дзержинск;наб. Кочубея, д. 3/7 стр. 96;ВО ЖДТ России;Акушер;+7 762 045 39 06;fmishina@gmail.com;1973-06-04;188821
Дарья Юльевна Самсонова;Светлогорск (Калин.);бул. Дзержинского, д. 86 к. 214;Холдинг Транспортные компоненты;Интендант;+7 (786) 527-1871;kulakovanikita@mail.ru;1996-03-16;65311
Меркушев Мина Ефремович;Елец;наб. Ростовская, д. 2 стр. 7;Промышленно-металлургический холдинг;Мастер маникюра;8 (843) 827-6376;ignati_1998@yahoo.com;1968-08-22;197362
Дорофеева Юлия Дмитриевна;Мирный;пр. Коминтерна, д. 92 к. 951;СБСВ-Ключавто;Фельдшер;+79741308447;ddoronina@hotmail.com;2000-08-14;60784
Кононова Олимпиада Тимофеевна;Шенкурск;пр. Курганный, д. 7;Астон;Гепатолог;85899493031;doroninapelageja@rambler.ru;1952-02-21;63626
Пелагея Ждановна Ефремова;Холмогоры;алл. Восточная, д. 145 стр. 94;Росжелдорпроект;Веб-мастер;+7 (208) 369-6381;seliverstovartemi@yandex.ru;1996-03-05;93264
Соколова Агата Владиславовна;Адыгейск;пр. Центральный, д. 4/9 к. 6/9;Алкоторг;Биолог;8 (395) 106-0505;nazarovmilan@rambler.ru;1964-01-14;99037
Софрон Евстигнеевич Мясников;Ростов-на-Дону;ш. Цветочное, д. 6/1 стр. 591;Сингента (Chemchina);Журналист;8 (810) 972-0726;vera_1974@yahoo.com;1955-01-05;23871
Третьякова Анжела Евгеньевна;Красновишерск;наб. Заливная, д. 2/1;Татнефть;Лаборант;+7 (293) 500-8252;averjanhohlov@rambler.ru;1977-09-20;96146
Евгения Ефимовна Федотова;Жуковский;бул. Пионерский, д. 82 к. 1;Куйбышевазот;Тестировщик;+78947294911;petrovmaksimiljan@yandex.ru;1997-09-30;94199
Сидоров Мокей Иосифович;Таштагол;бул. Кирпичный, д. 610 к. 616;ПК Балтика (Carlsbergfondet);Гирудотерапевт;8 827 215 4836;aristarh_2007@mail.ru;1960-02-20;72119
Дмитрий Архипович Рябов;Тымовское;наб. Курчатова, д. 30 стр. 6;Сегежа;Астрофизик;+7 (411) 965-99-15;maja_98@yahoo.com;1993-10-22;94416
Казакова София Валентиновна;Невинномысск;ш. Чайковского, д. 6;Сибтрейд;Химик-аналитик;8 (143) 238-8076;avgust2022@gmail.com;1951-11-28;146424
Александров Куприян Герасимович;Добрянка;пер. Безымянный, д. 5/4;ОМПК;Инженер-строитель;+7 (376) 046-3440;ntsvetkova@yahoo.com;1973-07-01;79281
Казакова Алина Эдуардовна;Невельск;бул. Байкальский, д. 3/6 к. 8;Группа УГМК;Военный судья;8 779 498 31 18;praskovja_85@gmail.com;1968-07-06;181168
Милован Игнатович Гусев;Киров (Вятка);ул. Бабушкина, д. 3 к. 2/7;Каспийский трубопроводный консорциум-Р;Каскадёр;8 050 990 8739;arhip16@mail.ru;1976-03-19;70070
Шаров Осип Фокич;Троицко-Печорск;пер. Чернышевского, д. 4/6 к. 87;ВкусВилл;Диверсант;8 129 284 9309;nestor_2018@mail.ru;1966-01-16;53366
Иванов Николай Фадеевич;Зеленоград;ул. Ленина, д. 36;Фаберлик;Космонавт;+7 878 820 4963;hshcherbakova@hotmail.com;2000-03-22;172328
Тамара Антоновна Боброва;Сортавала;наб. Орджоникидзе, д. 1/2 стр. 20;Тева (Teva);Парикмахер;+7 857 196 17 72;gennadi_1976@rambler.ru;1993-10-07;184253
Мартьян Харламович Пестов;Горно-Алтайск;ул. Садовая, д. 3 к. 384;РусГидро;Разведчик;8 604 966 5958;matveevtimofe@yandex.ru;1969-12-24;184811
Лыткина Милица Михайловна;Сергиев Посад;наб. Лазурная, д. 929 стр. 1;Лаборатория Касперского;Комбайнер;8 (021) 970-5512;lazarevfedor@yandex.ru;1996-11-08;65137
Кирилл Елисеевич Мясников;Бомнак;пр. Подгорный, д. 69;Металлстандарт;Военный полицейский;8 (407) 678-63-67;prokofi1970@yahoo.com;1991-01-14;171845
Попова София Тимуровна;Александровск;наб. Совхозная, д. 2 к. 3/9;Сибуглемет;Педагог;8 053 081 0383;aleksandra_73@rambler.ru;1998-11-22;165178
Прокофий Дмитриевич Лихачев;Кизилюрт;ул. Лунная, д. 764 стр. 4;Делл (Dell);Юрист;+7 (606) 457-8487;isidor_96@rambler.ru;1970-01-11;138749
Аскольд Юлианович Орлов;Усинск;ул. Курчатова, д. 453;Бристоль;Страховой агент;+7 (647) 926-6497;nkiselev@gmail.com;1952-11-29;52022
Фёкла Вадимовна Соловьева;Адлер;ул. Московская, д. 1 стр. 360;Нижфарм (Nidda Midco);Биофизик;+7 448 087 17 72;beljakovatatjana@rambler.ru;1993-10-15;118863
Носков Остап Авдеевич;Карабудахкент;наб. Крупской, д. 50;Урало-Сибирская металлургическая компания;Искусствовед;+7 319 926 13 72;maslovevstafi@mail.ru;1962-01-06;130046
Парфен Антонович Комаров;Москва, МГУ;ш. Добролюбова, д. 8 стр. 7;Русская медная компания;Лекальщик;+7 705 343 87 41;orlovefim@hotmail.com;1972-05-07;183971
Лариса Феликсовна Пономарева;Моздок;ш. Коммунальное, д. 802;Тетра Пак (Tetra Pak);Мельник;88465708968;petrovpotap@gmail.com;1968-11-17;65568
Бобылев Рюрик Жанович;Соль-Илецк;бул. 50 лет Победы, д. 50 к. 2;Ростсельмаш;Морской пехотинец;88353641579;provdavidov@gmail.com;1972-01-26;72954
Анжела Аркадьевна Ермакова;Сальск;бул. Угловой, д. 120 стр. 718;Удмуртнефть;Сапожник;83735666242;mina60@yahoo.com;1951-12-20;194688
Филатов Кир Юльевич;Волгодонск;ул. Владимирская, д. 12 стр. 8;Банковский холдинг Альфа-банка;Гепатолог;+71268757067;tihon1995@yandex.ru;1973-12-18;95150
Изяслав Федосьевич Щербаков;Малая Вишера;наб. Запорожская, д. 7 к. 4;Беркс;Звукорежиссёр;+7 944 906 2285;mironovroman@gmail.com;1997-12-06;113512
Воронцова Анжелика Леоновна;Ачинск;наб. Ольховая, д. 4;ГК Российские коммунальные системы;Воспитатель;+7 (089) 875-9451;oksana_1999@mail.ru;1993-06-12;161911
Ольга Вениаминовна Давыдова;Яшалта;ул. Каштановая, д. 1/5 к. 6/3;Ферронордик машины (Ferronordic);Военный переводчик;8 (433) 500-05-30;huvarova@yandex.ru;1964-10-05;38758
Варлаам Герасимович Харитонов;Оленегорск (Якут.);алл. Восьмого Марта, д. 278;Силовые машины;Египтолог;8 702 996 46 08;nadezhda1972@yandex.ru;2002-09-14;41699
Прасковья Матвеевна Кудряшова;Нижнеудинск;пр. Песочный, д. 45 к. 3/4;Нефтетранссервис;Торговый представитель;8 616 214 3509;jakushevadarja@yahoo.com;1951-08-09;112127
Антонова Варвара Кузьминична;Муром;наб. Беляева, д. 9/4 стр. 506;ГСЛ;Промышленный альпинист;+7 784 719 54 29;ladislav83@hotmail.com;2000-08-22;166615
Потапов Ратмир Даниилович;Вендинга;наб. Попова, д. 198 стр. 3;Первая тяжеловесная компания;Трейдер;+7 (839) 814-12-66;vladimir44@hotmail.com;1966-08-26;47082
Михеева Елизавета Николаевна;Армавир;ул. Р.Люксембург, д. 4/7;Норникель;Маклер биржевой;8 (278) 131-4825;adam2008@mail.ru;1962-12-12;81733
Евгения Сергеевна Гаврилова;Орел;ш. Тюленина, д. 1/6 к. 6;Загорский трубный завод;Распиловщик;83935061894;filippovladimir@hotmail.com;1954-04-07;101006
Савин Будимир Демьянович;Новая Игирма;бул. З.Космодемьянской, д. 149;ИКЕА Торг (INGKA);Инженер-химик;+70379679757;lukjanfilatov@yandex.ru;1990-11-10;65181
Крюкова Элеонора Григорьевна;Видное;пер. Безымянный, д. 2 стр. 4/3;ОТП Банк;Космонавт;+79193064572;paramon98@yahoo.com;1985-05-05;189204
Роман Терентьевич Попов;Бронницы;ш. Краснодарское, д. 98 к. 1;Октоблу (Decathlon);Десантник;+7 (546) 420-97-79;arseni_1978@mail.ru;1979-02-26;43988
Бобылев Исай Ефимович;Чебаркуль;пер. Ярославский, д. 12 к. 39;Аргос;Гитарист;+7 (294) 162-8620;fshashkov@rambler.ru;1994-02-23;96934
Викторин Денисович Зимин;Шуя;бул. Крупской, д. 2/6 стр. 573;СТД Петрович;Фельдшер;+7 856 966 3711;timofekonovalov@yahoo.com;1987-04-08;112347
Бирюков Пахом Жанович;Кировск (Мурм.);пр. Сосновый, д. 944 к. 29;ЕвроСибЭнерго;Композитор;8 (738) 255-61-25;pimen2006@gmail.com;1959-10-18;153384
Сильвестр Артёмович Сазонов;Диксон;ш. Восточное, д. 300;Белгранкорм-холдинг;Борт-инженер;8 354 504 28 10;veniamin23@hotmail.com;1968-04-23;84694
Никифорова Олимпиада Робертовна;Усть-Кут;пр. Солнечный, д. 9 стр. 5;Объединенная судостроительная корпорация;Оператор кино и телевидения;+7 (083) 607-52-80;savvati29@yandex.ru;1996-06-18;129395
Илья Ефимович Брагин;Элиста;пер. Виноградный, д. 57 стр. 162;НПФ Газфонд пенсионные накопления;Робототехник;+7 (175) 922-23-25;galkinaalevtina@gmail.com;1969-07-14;47922
Дарья Александровна Дементьева;Саров (Морд.);наб. Энтузиастов, д. 351;Вертолеты России;Адвокат;+77348570998;fevronija24@gmail.com;1973-10-24;54123
Анжелика Николаевна Никонова;Старая Русса;бул. Медицинский, д. 955;Ростех;Сомнолог;8 (240) 200-82-53;spiridon_1976@yandex.ru;1992-10-12;43542
Лапин Яков Валерианович;Калязин;ш. Снежное, д. 28;Группа Илим;Воспитатель;+7 (778) 460-6955;kostinvladislav@yahoo.com;1997-11-16;80722
Евдокия Станиславовна Григорьева;Калач;пер. Радищева, д. 3 к. 7;ТГК-16;Начальник военного оркестра;+71290294857;platon2005@yandex.ru;2001-03-23;197496
Суворов Флорентин Федотович;Ребриха;ул. Щербакова, д. 5/3;Луидор;Кавалерист;86268539291;zaharpoljakov@gmail.com;1980-03-23;120754
Алла Харитоновна Ларионова;Норильск;наб. Болотная, д. 581 к. 2;Softline;Машинист;86005339185;blohinmartin@mail.ru;1988-07-13;71463
Молчанов Фирс Устинович;Яр-Сале;наб. Кочубея, д. 686 стр. 6/5;АФК Система;Начальник гаупвахты;+75654196574;shubindementi@yahoo.com;1981-05-18;162280
Акулина Ивановна Дементьева;Усть-Камчатск;наб. Магистральная, д. 6/3 стр. 546;СДС Азот;Интендант;8 987 318 35 23;osipovoleg@yahoo.com;1976-12-18;31088
Смирнова Лукия Харитоновна;Киров (Вятка);ш. Короткое, д. 588 к. 395;Алтайвагон;Скульптор;+75872112946;alekse_1975@yandex.ru;1961-09-21;136936
Лапина Ирина Валентиновна;Онега;ул. Николаева, д. 24 стр. 3;ВАД;Эндокринолог;+7 458 267 4463;elena_2001@gmail.com;2002-05-03;91368
Евдокия Тарасовна Панфилова;Северобайкальск;пр. Рыбацкий, д. 2 стр. 73;Ачимгаз;Андролог;8 (680) 027-07-99;jan_1994@hotmail.com;1963-11-13;156560
Нонна Вениаминовна Боброва;Воркута;ул. Сиреневая, д. 94 стр. 8/3;Сахалин Энерджи;Формовщик;+7 (476) 731-7882;davidovefim@mail.ru;1977-03-15;145834
Лобанова Мария Богдановна;Кондопога;ш. Красина, д. 37;Нефтиса;Продюсер;+7 795 185 17 42;januari15@yahoo.com;2002-01-16;166273
Бурова Оксана Феликсовна;Шилка;алл. Высокая, д. 77;Eurasia Drilling Company;Пожарный;+7 381 054 9171;nonna87@mail.ru;1995-03-14;153853
Никанор Денисович Белов;Южно-Курильск;бул. Кедровый, д. 59 стр. 6/3;ГК ЕКС;Дворник;8 805 438 80 32;dmitrievelizar@hotmail.com;2000-02-01;152653
Зуева Ульяна Наумовна;Катайск;пер. Юности, д. 91 стр. 507;Сэтл групп;Переводчик;+76055840371;oktjabrina01@yahoo.com;1976-06-07;31734
Лариса Федоровна Богданова;Курск;ш. Слободское, д. 32 к. 9/8;НПО Алмаз;Семейный врач;+7 363 260 37 68;ivanna1987@rambler.ru;1963-05-18;78521
Фомичева Синклитикия Степановна;Кижи;бул. Киевский, д. 412 стр. 8/6;РТИ;Квасник;+73016767282;miheevjaropolk@gmail.com;1978-01-14;142867
Мамонтов Орест Игнатович;Корсаков;бул. Красноармейский, д. 3;Солид-товарные рынки;Невролог;8 912 788 09 46;dobromisl_2022@rambler.ru;1982-01-17;62071
Гордеев Макар Власович;Нерчинск;наб. Просвещения, д. 423 стр. 29;Охрана Росгвардии;Лингвист;+7 (343) 391-91-49;maja_60@yahoo.com;1972-01-08;161552
Радислав Феоктистович Большаков;Лагань;ул. Азовская, д. 8/6 к. 8;Л'Ореаль (L'Oreal);Авиационный техник;+7 989 066 1958;jakovlevazoja@yahoo.com;1994-07-07;44971
Василиса Феликсовна Красильникова;Гремячинск (Перм.);ш. 8-е Марта, д. 4 к. 7/5;Национальная медиа группа;Капитан судна;8 661 406 55 43;anastasija_99@yandex.ru;1951-12-07;62827
Ситникова Глафира Тимуровна;Сухиничи;бул. Терешковой, д. 367;Монди СЛПК (Mondi);Кинолог;84640360521;gerasimovanina@gmail.com;1998-07-26;164892
Юдин Ираклий Владиславович;Королев;пр. Семашко, д. 653;Русская медная компания;Фотомодель;+72808368865;kirillovfade@yandex.ru;2001-01-10;109248
Остап Ермолаевич Хохлов;Славгород;бул. Песочный, д. 9 к. 7/5;Балтийская топливная компания;Плиточник;8 405 440 60 91;pankrati1980@rambler.ru;1968-04-28;117428
Харитонов Спиридон Марсович;Охотск;пр. Пархоменко, д. 129 стр. 57;ПК Балтика (Carlsbergfondet);Трейдер;+7 286 936 9877;bogdanovleonid@mail.ru;2001-09-09;137769
Христофор Гордеевич Нестеров;Луховицы;наб. Лунная, д. 9/3 стр. 98;Кордиант;Техник;+7 768 154 15 46;komissarovamarina@rambler.ru;1995-03-29;41009
Софон Власович Шестаков;Рубцовск;наб. Дальневосточная, д. 3;Мострансавто;Комендант;+7 440 423 0649;ipati03@rambler.ru;1988-08-06;92296
Лучезар Еремеевич Марков;Яхрома;пр. Колхозный, д. 296 стр. 964;Банк ФК Открытие;Телемастер;8 421 618 0549;teterintihon@hotmail.com;1966-07-20;145029
Силина Фаина Игоревна;Новокузнецк;бул. Нижний, д. 8 стр. 9;Гала-Форм;Ортодонт;8 411 465 53 62;wavdeev@gmail.com;1987-03-23;157896
Кондратьев Клавдий Димитриевич;Владикавказ;бул. Шолохова, д. 954 стр. 6/8;Трест КХМ;Столяр;+7 282 108 4637;regina26@rambler.ru;1983-06-23;112830
Фокина Эмилия Анатольевна;Кандалакша;ш. Почтовое, д. 2/5 к. 2/6;УГС;Холодильщик;8 394 727 7475;tarasovfade@gmail.com;1969-02-23;87937
Селезнева Юлия Вениаминовна;Снежногорск (Мурм.);наб. Привокзальная, д. 7;Группа НПФ Благосостояние;Торговый представитель;8 (151) 697-3680;kira_37@mail.ru;2003-01-24;164064
Соколов Владислав Ермолаевич;Тамбей;ш. Комарова, д. 5/9 стр. 316;Группа Нэфис;Маммолог;+7 547 936 67 53;simonovfortunat@gmail.com;1960-07-02;59232
Галина Никифоровна Михайлова;Долинск;ул. Восьмого Марта, д. 353 стр. 91;ГК Агро-Белогорье;Инженер по механизации;+7 (044) 601-52-22;erastevseev@rambler.ru;1955-01-15;24146
